{
    "rmse": 0.7906687955630526,
    "mae": 0.6504538917800803,
    "r2": 0.03909578239703071
}